onboard,engage,run,t,S
False,False,0,0,11.08407344182912
False,False,0,1,35.94724772748353
False,False,0,2,29.569006674585633
False,False,0,3,34.012509785278034
False,False,0,4,36.25186234382956
False,False,0,5,24.909058684623286
False,False,0,6,33.68951952516266
False,False,0,7,18.386314958343196
False,False,0,8,34.51115158432171
False,False,0,9,43.85274732968223
False,False,0,10,31.6115699849225
False,False,0,11,34.4929837977705
False,False,0,12,35.26803765118745
False,False,0,13,36.5852317511668
False,False,0,14,33.9195371159606
False,False,0,15,50.055525776487336
False,False,0,16,61.49576265455497
False,False,0,17,35.45274865088725
False,False,0,18,36.69296394764472
False,False,0,19,41.7012855474895
False,False,0,20,18.143284749775276
False,False,0,21,27.85824156545019
False,False,0,22,38.10770236907262
False,False,0,23,10.30787061201173
False,False,0,24,37.26323675723224
False,False,0,25,36.04299581432515
False,False,0,26,30.05570749112184
False,False,0,27,36.25879244363053
False,False,0,28,65.18692686380031
False,False,0,29,33.41525766525627
False,False,0,30,32.70071881347548
False,False,0,31,35.31504332255058
False,False,0,32,23.961647121448202
False,False,0,33,62.96633002369702
False,False,0,34,28.03515652965073
False,False,0,35,19.614272877948004
False,False,0,36,33.4846715578437
False,False,0,37,44.69970793883482
False,False,0,38,14.969844764285913
False,False,0,39,34.49576132473441
False,False,0,40,36.56714413715682
False,False,0,41,67.74266518356505
False,False,0,42,37.40948383432921
False,False,0,43,38.02149641427851
False,False,0,44,13.204898439437779
False,False,0,45,37.5161437485538
False,False,0,46,36.1243299853579
False,False,0,47,35.46517091692205
False,False,0,48,14.565076900968519
False,False,0,49,34.945979899388185
False,False,0,50,32.29248754192465
False,False,0,51,33.956306112364096
False,False,0,52,46.627684612785266
False,False,0,53,43.76446116760797
False,False,0,54,36.20712619704874
False,False,0,55,29.35650643669167
False,False,0,56,33.244230744702556
False,False,0,57,26.317700209831127
False,False,0,58,34.74496897874308
False,False,0,59,35.27415596021545
False,False,0,60,34.67383388076759
False,False,0,61,16.395933966035088
False,False,0,62,38.945114300970715
False,False,0,63,35.58039357134573
False,False,0,64,28.214110726057033
False,False,0,65,18.108633811765603
False,False,0,66,34.832438983146524
False,False,0,67,17.569268267202126
False,False,0,68,42.468281320612526
False,False,0,69,31.812342382774485
False,False,0,70,38.12608650283113
False,False,0,71,34.14144011950201
False,False,0,72,29.655564413686886
False,False,0,73,29.663524471816483
False,False,0,74,37.18597504624059
False,False,0,75,25.25483616685803
False,False,0,76,35.016787670139934
False,False,0,77,0.15255212062643558
False,False,0,78,32.709152444174144
False,False,0,79,31.998569322706885
False,False,0,80,25.691359635679216
False,False,0,81,10.065156304874284
False,False,0,82,58.85086531506896
False,False,0,83,38.98998623027141
False,False,0,84,32.36917099999493
False,False,0,85,26.711126270809686
False,False,0,86,32.114278145694094
False,False,0,87,35.381097797785905
False,False,0,88,27.858023642237853
False,False,0,89,31.87634076122747
False,False,0,90,31.71070605469251
False,False,0,91,35.591465905834916
False,False,0,92,34.244315154392396
False,False,0,93,28.917416300077953
False,False,0,94,11.682731134526119
False,False,0,95,36.68472266809146
False,False,0,96,0.11355895378867661
False,False,0,97,11.444783548961054
False,False,0,98,32.3777252621155
False,False,0,99,50.003902180824085
False,False,0,100,25.297879323251575
False,False,0,101,26.731159028612062
False,False,0,102,24.136465188320745
False,False,0,103,12.036643407843433
False,False,0,104,0.15289387697276732
False,False,0,105,43.29803955128781
False,False,0,106,30.875406136850064
False,False,0,107,35.47354421004848
False,False,0,108,36.319045075508434
False,False,0,109,20.877808664350106
False,False,0,110,16.529966191472795
False,False,0,111,19.366355353434507
False,False,0,112,29.733419810792196
False,False,0,113,0.15752671433891913
False,False,0,114,38.34658633724968
False,False,0,115,10.266846819680318
False,False,0,116,8.479998041203551
False,False,0,117,52.0039145306581
False,False,0,118,40.284568414365374
False,False,0,119,23.78901826899072
False,False,0,120,18.71446718456406
False,False,0,121,29.90435119321034
False,False,0,122,37.584540323922305
False,False,0,123,44.97179926510673
False,False,0,124,12.30696204606519
False,False,0,125,34.671036202983395
False,False,0,126,15.121803800774718
False,False,0,127,31.682778170710495
False,False,0,128,18.012959388882855
False,False,0,129,30.498447975724215
False,False,0,130,30.227267006385436
False,False,0,131,21.774415884487546
False,False,0,132,14.052514275886013
False,False,0,133,29.056101051456338
False,False,0,134,19.922478648821496
False,False,0,135,35.14209615089347
False,False,0,136,13.226454261282008
False,False,0,137,28.751337122079565
False,False,0,138,23.38690256592701
False,False,0,139,32.56957359818109
False,False,0,140,30.398685635272958
False,False,0,141,57.67405982037524
False,False,0,142,27.9408511413969
False,False,0,143,8.515441274120372
False,False,0,144,34.819217273124664
False,False,0,145,33.20298494838732
False,False,0,146,28.42560806001852
False,False,0,147,33.50983320267576
False,False,0,148,29.344779790282338
False,False,0,149,26.185456631130688
False,False,0,150,0.31214170833652854
False,False,0,151,6.712517274114447
False,False,0,152,34.49550239786846
False,False,0,153,0.10141075825854455
False,False,0,154,36.623906668965624
False,False,0,155,14.53676447626058
False,False,0,156,49.458120466754806
False,False,0,157,24.414455918626008
False,False,0,158,24.214089543148248
False,False,0,159,16.325549770847516
False,False,0,160,9.26430989658335
False,False,0,161,14.600654912434056
False,False,0,162,12.632673808565485
False,False,0,163,13.88524487534948
False,False,0,164,10.095418027520452
False,False,0,165,24.44684006971796
False,False,0,166,42.4395083612462
False,False,0,167,0.27841969220909984
False,False,0,168,11.540128947748922
False,False,0,169,17.08245077405377
False,False,0,170,21.760468359686882
False,False,0,171,23.988179440314823
False,False,0,172,24.005823336890728
False,False,0,173,9.401249636198722
False,False,0,174,30.675819135343303
False,False,0,175,15.002949939960061
False,False,0,176,21.702978046239437
False,False,0,177,19.162583653756833
False,False,0,178,8.374221402941568
False,False,0,179,16.681288972996253
False,False,0,180,14.959954697149353
False,False,0,181,17.22063490690459
False,False,0,182,9.946799694084563
False,False,0,183,0.29970930762221193
False,False,0,184,14.092064585955033
False,False,0,185,27.493862188525263
False,False,0,186,12.878842137409357
False,False,0,187,12.784656055402772
False,False,0,188,19.340357315966227
False,False,0,189,27.159317655548755
False,False,0,190,18.786944159936
False,False,0,191,11.873746988209206
False,False,0,192,21.51216752078892
False,False,0,193,8.682009169957624
False,False,0,194,11.911618415687029
False,False,0,195,0.492539719885253
False,False,0,196,31.797441652464997
False,False,0,197,13.700607968033719
False,False,0,198,9.032365247797578
False,False,0,199,12.506339397420675
False,False,0,200,6.001031249650687
False,False,0,201,14.767201788295825
False,False,0,202,0.5733078436424887
False,False,0,203,1.5594959773278163
False,False,0,204,22.88527782299376
False,False,0,205,28.161543532076987
False,False,0,206,29.426164921102504
False,False,0,207,12.603344012201916
False,False,0,208,6.806499549107342
False,False,0,209,18.675881815301594
False,False,0,210,12.776321972201513
False,False,0,211,8.293812489310278
False,False,0,212,39.585282089169056
False,False,0,213,23.79807654150246
False,False,0,214,13.108156402475583
False,False,0,215,14.235167470876346
False,False,0,216,10.118422502656362
False,False,0,217,12.765469046432532
False,False,0,218,9.182546632318454
False,False,0,219,14.417248801628665
False,False,0,220,8.926222699819204
False,False,0,221,0.6442052917580843
False,False,0,222,29.251496750089345
False,False,0,223,35.995086511840356
False,False,0,224,21.213276571584686
False,False,0,225,16.67444750772894
False,False,0,226,11.64959982137123
False,False,0,227,20.63029069621944
False,False,0,228,6.963163866623819
False,False,0,229,11.412494101180405
False,False,0,230,5.519361104109526
False,False,0,231,12.327098370998005
False,False,0,232,10.892931240293017
False,False,0,233,11.412768582929663
False,False,0,234,8.283836201770873
False,False,0,235,17.798714143083743
False,False,0,236,15.811235724625037
False,False,0,237,0.2483176962327506
False,False,0,238,14.847208802072515
False,False,0,239,10.059278390648831
False,False,0,240,17.704300187132173
False,False,0,241,7.9139328897684385
False,False,0,242,10.17261455688395
False,False,0,243,21.383134062908663
False,False,0,244,13.423515470565047
False,False,0,245,5.435304144928912
False,False,0,246,17.830642879198127
False,False,0,247,11.228263565878908
False,False,0,248,24.28464561980457
False,False,0,249,0.6182923624363733
False,False,0,250,7.520206104736856
False,False,0,251,7.61978066188419
False,False,0,252,14.214130545500312
False,False,0,253,17.855742941410803
False,False,0,254,8.247559268344052
False,False,0,255,7.090928980228831
False,False,0,256,10.782338971295221
False,False,0,257,9.135428606930553
False,False,0,258,10.820583766610596
False,False,0,259,11.327232727391559
False,False,0,260,10.021999257297608
False,False,0,261,8.207098122938184
False,False,0,262,15.18463953910582
False,False,0,263,11.969514964952399
False,False,0,264,10.820862716963315
False,False,0,265,8.805289092724331
False,False,0,266,4.594706094834346
False,False,0,267,0.6310947086393441
False,False,0,268,15.209599291445546
False,False,0,269,9.27716237053466
False,False,0,270,13.314461563004237
False,False,0,271,7.134582459105598
False,False,0,272,12.863533014736863
False,False,0,273,10.130408798616786
False,False,0,274,9.704073809219544
False,False,0,275,13.52113054868115
False,False,0,276,7.9774305315853
False,False,0,277,10.969437881281648
False,False,0,278,7.574020072366277
False,False,0,279,18.245435727332605
False,False,0,280,14.859671144767098
False,False,0,281,4.7213450186881625
False,False,0,282,6.909216500466567
False,False,0,283,9.906641088211568
False,False,0,284,1.09858418175947
False,False,0,285,12.91906628035796
False,False,0,286,9.546249027378215
False,False,0,287,8.867357402696229
False,False,0,288,3.818086836994622
False,False,0,289,13.188008036878163
False,False,0,290,7.677219126425063
False,False,0,291,5.764739867016989
False,False,0,292,6.39890333001478
False,False,0,293,10.132307561145744
False,False,0,294,0.7677603051860543
False,False,0,295,6.670322857836773
False,False,0,296,6.982587998537634
False,False,0,297,8.819768089010733
False,False,0,298,8.385272542941768
False,False,0,299,13.425430192230849
False,False,0,300,7.88469605454924
False,False,0,301,5.155373110615591
False,False,0,302,6.340553352739189
False,False,0,303,13.354552876138081
False,False,0,304,11.082894128115303
False,False,0,305,6.604638282028888
False,False,0,306,9.207569192473956
False,False,0,307,3.527472225728855
False,False,0,308,7.507517207292696
False,False,0,309,0.44222913336053227
False,False,0,310,1.0354312981495921
False,False,0,311,7.948994585201114
False,False,0,312,10.549467119913322
False,False,0,313,7.9740509903992365
False,False,0,314,5.704717540190276
False,False,0,315,16.05148977369715
False,False,0,316,8.290927097932626
False,False,0,317,7.2511258997351415
False,False,0,318,6.97896748441395
False,False,0,319,6.227035371636005
False,False,0,320,5.7012897339516595
False,False,0,321,7.277885216394686
False,False,0,322,8.745638804033602
False,False,0,323,7.814487562056978
False,False,0,324,4.762830220079234
False,False,0,325,5.389248444121935
False,False,0,326,7.471798493121924
False,False,0,327,2.8467137251868815
False,False,0,328,6.241009674493292
False,False,0,329,5.620253325373378
False,False,0,330,6.920263504715904
False,False,0,331,1.3528936261632496
False,False,0,332,3.420018557927758
False,False,0,333,1.8147780915232496
False,False,0,334,7.1848133721898515
False,False,0,335,7.9878615141720415
False,False,0,336,6.740300148795669
False,False,0,337,0.6920049006210482
False,False,0,338,5.522191921704792
False,False,0,339,4.2499613882623315
False,False,0,340,2.1550855417925017
False,False,0,341,3.245809783811667
False,False,0,342,5.874681197567894
False,False,0,343,8.48834828941151
False,False,0,344,3.72705859087754
False,False,0,345,6.461566077603387
False,False,0,346,5.635218923964112
False,False,0,347,2.9963321304563415
False,False,0,348,4.534343369301464
False,False,0,349,5.1364987662983586
False,False,0,350,4.816166280888739
False,False,0,351,5.779556594381901
False,False,0,352,3.91042223836218
False,False,0,353,5.567822927164782
False,False,0,354,2.8007296327845133
False,False,0,355,2.632858825834199
False,False,0,356,3.082858800351227
False,False,0,357,4.03126898211667
False,False,0,358,4.297011925799058
False,False,0,359,2.593429509032891
False,False,0,360,3.0164371047409424
False,False,0,361,4.864360048349984
False,False,0,362,5.470721103557336
False,False,0,363,0.7875661274237213
False,False,0,364,0.9705901479276444
False,False,0,365,4.558891858722371
False,False,0,366,3.949421604223235
False,False,0,367,7.977608158042415
False,False,0,368,0.8277399150406684
False,False,0,369,4.116029236126715
False,False,0,370,2.4289529708082993
False,False,0,371,0.9802960494069208
False,False,0,372,4.375782386248759
False,False,0,373,0.9900990099009901
False,False,0,374,0.9609803444828162
False,False,0,375,3.459041752199349
False,False,0,376,0.8443774873329858
False,False,0,377,0.9705901479276444
False,False,0,378,1.7983300629683128
False,False,0,379,1.7318267125981393
False,False,0,380,3.466860484060901
False,False,0,381,4.558531518750199
False,False,0,382,2.809066226582216
False,False,0,383,3.77125564057156
False,False,0,384,2.8588606190744095
False,False,0,385,1.8849299721675574
False,False,0,386,0.9514656876067488
False,False,0,387,1.904438834140903
False,False,0,388,0
False,False,0,389,1.8378230467222252
False,False,0,390,0.9420452352542067
False,False,0,391,0.9609803444828162
False,False,0,392,0.9327180547071353
False,False,0,393,0.9705901479276444
False,False,0,394,2.9218607469146596
False,False,0,395,0
False,False,0,396,0.9609803444828162
False,False,0,397,0
False,False,0,398,0
False,False,0,399,0
False,True,0,0,40.58732208689339
False,True,0,1,80.87804908593148
False,True,0,2,46.914242387067205
False,True,0,3,46.34628048851426
False,True,0,4,59.2497146368139
False,True,0,5,54.31363860328466
False,True,0,6,52.59140306928675
False,True,0,7,51.462581565944944
False,True,0,8,87.2342756943772
False,True,0,9,57.38996847490713
False,True,0,10,37.22676481632695
False,True,0,11,73.22484762695136
False,True,0,12,64.33744908653544
False,True,0,13,62.40860115715277
False,True,0,14,53.92309688811944
False,True,0,15,57.553699012501745
False,True,0,16,58.934470577472055
False,True,0,17,61.68922762068173
False,True,0,18,56.78034405618328
False,True,0,19,62.06383665927428
False,True,0,20,61.53440059814543
False,True,0,21,59.7980539419557
False,True,0,22,62.47722891678046
False,True,0,23,41.279537460709314
False,True,0,24,65.08741460834662
False,True,0,25,66.33914357358596
False,True,0,26,44.47536597812191
False,True,0,27,57.5551861039661
False,True,0,28,55.38979664649536
False,True,0,29,66.08793168064645
False,True,0,30,59.0041140204894
False,True,0,31,60.972408516595564
False,True,0,32,74.1287147067332
False,True,0,33,51.710750048298586
False,True,0,34,55.78000386686245
False,True,0,35,51.87162415056293
False,True,0,36,60.80602510963124
False,True,0,37,57.721124825352426
False,True,0,38,66.28175097704602
False,True,0,39,51.46572713061135
False,True,0,40,60.32805915423648
False,True,0,41,67.56908885544443
False,True,0,42,79.30320066222195
False,True,0,43,33.19431732508174
False,True,0,44,51.08591311467483
False,True,0,45,73.17482924162177
False,True,0,46,62.9781002597716
False,True,0,47,56.097845331934515
False,True,0,48,67.61779802617676
False,True,0,49,53.140563005667964
False,True,0,50,63.36005505854114
False,True,0,51,66.79181674100596
False,True,0,52,41.247400913523606
False,True,0,53,68.1994541952603
False,True,0,54,60.94334434715086
False,True,0,55,61.180168934909716
False,True,0,56,46.236560891581256
False,True,0,57,59.24051135299493
False,True,0,58,49.839621521009775
False,True,0,59,33.58145612726663
False,True,0,60,68.93518413738103
False,True,0,61,40.13172681429669
False,True,0,62,52.75552025123703
False,True,0,63,63.33825789466228
False,True,0,64,58.14991296445835
False,True,0,65,55.577624192467525
False,True,0,66,60.77466252044826
False,True,0,67,52.660748558330646
False,True,0,68,68.57025920915827
False,True,0,69,41.22987423029867
False,True,0,70,40.94256133693513
False,True,0,71,48.37243389450148
False,True,0,72,63.77505717790235
False,True,0,73,67.59012826509019
False,True,0,74,57.99516933657975
False,True,0,75,57.89572006260139
False,True,0,76,64.16097727114386
False,True,0,77,65.96713925170312
False,True,0,78,61.295780978499536
False,True,0,79,79.6507757686582
False,True,0,80,64.5048841389563
False,True,0,81,42.92032183198673
False,True,0,82,31.595670445284103
False,True,0,83,52.05451007648106
False,True,0,84,41.97108732454068
False,True,0,85,53.33132509533232
False,True,0,86,69.86274654863331
False,True,0,87,57.64158599376624
False,True,0,88,50.76239217184024
False,True,0,89,49.74954841836086
False,True,0,90,50.61129517157932
False,True,0,91,54.38320351516445
False,True,0,92,55.21022553684158
False,True,0,93,28.586405905341596
False,True,0,94,48.36412961617671
False,True,0,95,49.19393631814564
False,True,0,96,57.475961457098144
False,True,0,97,52.52414785746093
False,True,0,98,51.261284654543864
False,True,0,99,59.37381365080831
False,True,0,100,42.19584922507535
False,True,0,101,64.27251015561387
False,True,0,102,58.94959403899711
False,True,0,103,63.6811721789798
False,True,0,104,63.606831234799294
False,True,0,105,30.51751263956006
False,True,0,106,26.08843005356204
False,True,0,107,35.05526028597872
False,True,0,108,35.13471315375335
False,True,0,109,59.688791085815375
False,True,0,110,51.88538127429039
False,True,0,111,54.09718162414257
False,True,0,112,57.228117635321105
False,True,0,113,30.918925758165113
False,True,0,114,56.84983001905007
False,True,0,115,65.53637984242683
False,True,0,116,47.05019804564361
False,True,0,117,45.180953335534426
False,True,0,118,32.16466673666845
False,True,0,119,47.33809288738216
False,True,0,120,65.53785788552389
False,True,0,121,54.38767453667855
False,True,0,122,48.67124803361067
False,True,0,123,58.94539468079343
False,True,0,124,36.6064031016135
False,True,0,125,79.84306431565211
False,True,0,126,44.73418146650071
False,True,0,127,52.212243584051194
False,True,0,128,58.13170445165238
False,True,0,129,46.53601224106546
False,True,0,130,45.75687956114223
False,True,0,131,46.994368681262735
False,True,0,132,60.18036109927885
False,True,0,133,29.734447984555068
False,True,0,134,27.801865158596335
False,True,0,135,49.083244988835816
False,True,0,136,24.215063526527064
False,True,0,137,36.903456571768466
False,True,0,138,30.566051369353197
False,True,0,139,58.97173985868072
False,True,0,140,51.1751480342062
False,True,0,141,49.68765659459548
False,True,0,142,44.613115233438954
False,True,0,143,62.10869208935414
False,True,0,144,48.537395904033
False,True,0,145,54.22229716697275
False,True,0,146,56.735200661656854
False,True,0,147,48.608673542113145
False,True,0,148,26.741522398011583
False,True,0,149,33.468612880915344
False,True,0,150,59.81408868114038
False,True,0,151,28.45057520333363
False,True,0,152,58.200811905984246
False,True,0,153,44.78913647540214
False,True,0,154,34.51442180487074
False,True,0,155,29.233734798825974
False,True,0,156,53.745245481786824
False,True,0,157,58.06561079271843
False,True,0,158,28.614372031317117
False,True,0,159,35.396191616562774
False,True,0,160,55.865982600318056
False,True,0,161,42.879845790834615
False,True,0,162,51.61384218148984
False,True,0,163,60.30865805874225
False,True,0,164,56.45758171910936
False,True,0,165,28.340425392851955
False,True,0,166,51.52722574873492
False,True,0,167,43.937730979299985
False,True,0,168,27.223043579566557
False,True,0,169,50.05356219394072
False,True,0,170,30.227884397888438
False,True,0,171,36.201852653148634
False,True,0,172,27.361609447544414
False,True,0,173,34.10826780607672
False,True,0,174,50.036499684441104
False,True,0,175,37.58676185074135
False,True,0,176,57.43162399926008
False,True,0,177,46.18122417031484
False,True,0,178,62.65245509497508
False,True,0,179,43.130254457246636
False,True,0,180,27.71858992692312
False,True,0,181,48.5665183005557
False,True,0,182,43.181832916533004
False,True,0,183,49.82775748912788
False,True,0,184,33.69745681494351
False,True,0,185,45.23955767147113
False,True,0,186,24.040588735932925
False,True,0,187,52.5793914756355
False,True,0,188,47.47839032802631
False,True,0,189,38.5586981358182
False,True,0,190,44.60688836577595
False,True,0,191,43.978272224787744
False,True,0,192,28.330830536433417
False,True,0,193,30.90342990534522
False,True,0,194,39.63353571916949
False,True,0,195,44.85793224124981
False,True,0,196,45.46278627417222
False,True,0,197,61.589666827497304
False,True,0,198,51.0641800380379
False,True,0,199,46.7084823005124
False,True,0,200,28.684418668356553
False,True,0,201,41.26393631255463
False,True,0,202,46.573353406684056
False,True,0,203,44.883336811254566
False,True,0,204,22.2253702805522
False,True,0,205,30.23166061997171
False,True,0,206,51.09671179100175
False,True,0,207,40.95805948644163
False,True,0,208,31.154069697640175
False,True,0,209,30.94709507359962
False,True,0,210,39.44532819751831
False,True,0,211,22.96315357732316
False,True,0,212,33.29370860101029
False,True,0,213,27.793819558130085
False,True,0,214,25.226215927307674
False,True,0,215,32.48696398998389
False,True,0,216,36.12180554609735
False,True,0,217,28.18925812433471
False,True,0,218,43.055623129715336
False,True,0,219,35.400898228652274
False,True,0,220,37.44658275699779
False,True,0,221,54.326601780065275
False,True,0,222,41.894365021096434
False,True,0,223,29.767582262283963
False,True,0,224,33.991296356728675
False,True,0,225,39.261188553711406
False,True,0,226,56.88258567015965
False,True,0,227,32.34736879855272
False,True,0,228,29.1849402299834
False,True,0,229,37.494105691300675
False,True,0,230,31.823771917351632
False,True,0,231,44.37111677264847
False,True,0,232,32.131065379318635
False,True,0,233,24.13629548982142
False,True,0,234,30.130100478963513
False,True,0,235,28.67256088864687
False,True,0,236,21.603207295304568
False,True,0,237,43.25555548830558
False,True,0,238,43.35310093546948
False,True,0,239,22.976544436511613
False,True,0,240,33.43586950577321
False,True,0,241,54.41161248561535
False,True,0,242,20.61289105371446
False,True,0,243,31.769582941124476
False,True,0,244,27.72894612081801
False,True,0,245,50.75142755726522
False,True,0,246,27.060624133495057
False,True,0,247,43.5519854786809
False,True,0,248,35.90129942813006
False,True,0,249,20.825213402978743
False,True,0,250,35.41319564151182
False,True,0,251,18.414174080165207
False,True,0,252,18.39382416590816
False,True,0,253,39.594649952739324
False,True,0,254,31.166677962044158
False,True,0,255,25.933598003960032
False,True,0,256,36.49378727824831
False,True,0,257,32.099191585489464
False,True,0,258,31.413596042667574
False,True,0,259,31.062753124818947
False,True,0,260,26.656804507642807
False,True,0,261,30.53376532380661
False,True,0,262,23.8541591737231
False,True,0,263,25.63085703313769
False,True,0,264,24.76379430250315
False,True,0,265,24.05199035676348
False,True,0,266,23.41861958920368
False,True,0,267,22.64237485574726
False,True,0,268,25.524147339067508
False,True,0,269,35.99741221751375
False,True,0,270,24.995371407932453
False,True,0,271,25.536342972014744
False,True,0,272,25.02344085914557
False,True,0,273,33.19665713860813
False,True,0,274,50.00153695019531
False,True,0,275,22.72522852931793
False,True,0,276,21.154625096301043
False,True,0,277,39.36365182889743
False,True,0,278,26.26243397465087
False,True,0,279,23.73990025506518
False,True,0,280,28.022304138981266
False,True,0,281,26.810487359264172
False,True,0,282,19.21874631734713
False,True,0,283,27.503357941465268
False,True,0,284,20.836138264629643
False,True,0,285,17.635912728574603
False,True,0,286,19.52145766208774
False,True,0,287,23.334132962460014
False,True,0,288,26.5650234828082
False,True,0,289,24.4444854051662
False,True,0,290,26.397958340618075
False,True,0,291,28.68948262872655
False,True,0,292,26.52904706585849
False,True,0,293,19.20023946868089
False,True,0,294,22.79500601338482
False,True,0,295,32.172625566246
False,True,0,296,26.01987679232664
False,True,0,297,28.880563409898024
False,True,0,298,18.175957489731758
False,True,0,299,27.82099845759616
False,True,0,300,25.413607548326627
False,True,0,301,34.44305827902347
False,True,0,302,29.752078008500103
False,True,0,303,23.754365563749708
False,True,0,304,17.491594560349277
False,True,0,305,16.673324399570642
False,True,0,306,17.42884598880732
False,True,0,307,16.689012456677677
False,True,0,308,23.592023856340575
False,True,0,309,15.042092129510582
False,True,0,310,27.269181280626988
False,True,0,311,12.988391614123241
False,True,0,312,18.097964906860785
False,True,0,313,25.791743163343934
False,True,0,314,19.94940692824842
False,True,0,315,15.06927900264275
False,True,0,316,17.390618670308932
False,True,0,317,15.904769950189957
False,True,0,318,19.420414234753416
False,True,0,319,22.293027011352834
False,True,0,320,17.684954391304633
False,True,0,321,20.514698177906194
False,True,0,322,18.410747501390365
False,True,0,323,11.903166178492985
False,True,0,324,22.724493959056574
False,True,0,325,22.718596861034044
False,True,0,326,27.934746731103044
False,True,0,327,11.8917319364233
False,True,0,328,13.928230597858494
False,True,0,329,18.166360062117395
False,True,0,330,18.069657593025287
False,True,0,331,25.368907595944044
False,True,0,332,17.643204411969005
False,True,0,333,20.955909780963243
False,True,0,334,17.453474594125883
False,True,0,335,13.651801321648424
False,True,0,336,21.62602267622895
False,True,0,337,19.549109156254172
False,True,0,338,23.82748514650964
False,True,0,339,21.152285577830188
False,True,0,340,15.207525247359618
False,True,0,341,12.93658005724351
False,True,0,342,13.454807002054357
False,True,0,343,14.032192310954912
False,True,0,344,14.251186801494017
False,True,0,345,15.020859722474132
False,True,0,346,24.1237902429238
False,True,0,347,16.32602630964844
False,True,0,348,19.912673433510864
False,True,0,349,13.191538989976895
False,True,0,350,8.77361717322699
False,True,0,351,17.14864298368764
False,True,0,352,14.940577236301735
False,True,0,353,18.658840893274345
False,True,0,354,6.611620575632329
False,True,0,355,13.956093351652617
False,True,0,356,13.823671030214443
False,True,0,357,11.614837785009069
False,True,0,358,8.983513479297205
False,True,0,359,11.917292327395039
False,True,0,360,13.87437302596367
False,True,0,361,8.501270809250824
False,True,0,362,10.36197030178051
False,True,0,363,9.417380531207186
False,True,0,364,11.985843758318584
False,True,0,365,10.728783262049621
False,True,0,366,7.620336634288237
False,True,0,367,2.438353455177207
False,True,0,368,11.917414654933047
False,True,0,369,9.288178427654092
False,True,0,370,8.825980569076997
False,True,0,371,5.93756644780786
False,True,0,372,3.210247448620178
False,True,0,373,7.300152845192935
False,True,0,374,8.09978968890637
False,True,0,375,4.444535354091214
False,True,0,376,7.102163793105408
False,True,0,377,7.259789139435639
False,True,0,378,8.03103435787396
False,True,0,379,8.13528888743788
False,True,0,380,8.120164574706655
False,True,0,381,5.627509859923915
False,True,0,382,4.53774479211662
False,True,0,383,4.686764992347689
False,True,0,384,7.2360287647764014
False,True,0,385,3.7808564378009235
False,True,0,386,5.609959799655774
False,True,0,387,4.731656994368388
False,True,0,388,5.711254935275018
False,True,0,389,1.8936983991899514
False,True,0,390,1.903779271889233
False,True,0,391,3.8165136075967996
False,True,0,392,2.8829410334484487
False,True,0,393,2.931663707408729
False,True,0,394,2.8544912673437715
False,True,0,395,0.9802960494069208
False,True,0,396,0.9705901479276444
False,True,0,397,0
False,True,0,398,1.9801980198019802
False,True,0,399,0.9900990099009901
True,False,0,0,41.31006859490164
True,False,0,1,44.43673040122096
True,False,0,2,18.00156600350779
True,False,0,3,48.68737928159551
True,False,0,4,20.68278372498895
True,False,0,5,33.74040604209485
True,False,0,6,34.00165802874149
True,False,0,7,33.64124144932613
True,False,0,8,34.54726181487252
True,False,0,9,28.947639160780426
True,False,0,10,33.120750583654996
True,False,0,11,39.59090463208345
True,False,0,12,34.04220327614399
True,False,0,13,43.852939504157966
True,False,0,14,35.32330932042557
True,False,0,15,41.68271578664501
True,False,0,16,38.10113794715881
True,False,0,17,38.12150341261978
True,False,0,18,40.499460695385054
True,False,0,19,38.42062349577311
True,False,0,20,29.745514302686626
True,False,0,21,32.95141760246061
True,False,0,22,40.212230822783525
True,False,0,23,31.127443748860138
True,False,0,24,35.054474407533455
True,False,0,25,34.791477012301876
True,False,0,26,37.44001724550043
True,False,0,27,25.302715054617845
True,False,0,28,41.9882507740841
True,False,0,29,37.82797442365785
True,False,0,30,41.37350790256771
True,False,0,31,41.112342676673926
True,False,0,32,32.388900988750045
True,False,0,33,38.6213795721257
True,False,0,34,37.48960246891116
True,False,0,35,34.967153426965204
True,False,0,36,31.18726204966479
True,False,0,37,19.23306962744063
True,False,0,38,26.608776209245118
True,False,0,39,58.39572455572261
True,False,0,40,23.959445753541754
True,False,0,41,65.75415522821056
True,False,0,42,38.16557941127944
True,False,0,43,39.1204876924912
True,False,0,44,33.89297617135116
True,False,0,45,8.73051002378255
True,False,0,46,14.665956540411594
True,False,0,47,37.14955544737416
True,False,0,48,33.42513961028873
True,False,0,49,36.34502924345951
True,False,0,50,31.029204565956082
True,False,0,51,40.387065682431256
True,False,0,52,38.35373863659213
True,False,0,53,38.12443518111581
True,False,0,54,34.48071132918969
True,False,0,55,33.6815053268837
True,False,0,56,36.82250667771597
True,False,0,57,29.846952551584288
True,False,0,58,35.404219276742516
True,False,0,59,37.23456705568736
True,False,0,60,27.305088486153554
True,False,0,61,37.07628335009663
True,False,0,62,34.12141429627492
True,False,0,63,28.11437540072265
True,False,0,64,26.934254439545054
True,False,0,65,39.48443231305362
True,False,0,66,37.43094197223672
True,False,0,67,32.01628986430939
True,False,0,68,38.23913972394494
True,False,0,69,18.148712763298718
True,False,0,70,39.04637889551361
True,False,0,71,34.40030057954545
True,False,0,72,31.653516184555993
True,False,0,73,33.62449684110023
True,False,0,74,19.213995058216348
True,False,0,75,37.412328702846835
True,False,0,76,31.687233771021248
True,False,0,77,30.708211897677142
True,False,0,78,10.549617666449834
True,False,0,79,40.02259741835846
True,False,0,80,44.25155414788995
True,False,0,81,0.14858021430769947
True,False,0,82,58.19797748132358
True,False,0,83,37.19366800086164
True,False,0,84,29.149631994003613
True,False,0,85,41.34864185167894
True,False,0,86,38.79796746737898
True,False,0,87,39.17879420987706
True,False,0,88,41.395194762137834
True,False,0,89,25.943113389569397
True,False,0,90,29.294599105276404
True,False,0,91,36.001451808087886
True,False,0,92,28.059134463922366
True,False,0,93,13.46967234356482
True,False,0,94,7.896577742231749
True,False,0,95,25.632378694742577
True,False,0,96,15.735491430379044
True,False,0,97,38.59882306354863
True,False,0,98,34.39454580552563
True,False,0,99,41.66940473050459
True,False,0,100,27.997746821081783
True,False,0,101,30.69825373217914
True,False,0,102,30.060135153420465
True,False,0,103,35.33997860215438
True,False,0,104,41.76613319623871
True,False,0,105,30.56038308955432
True,False,0,106,33.330879212824556
True,False,0,107,8.727475877579304
True,False,0,108,37.290862894149306
True,False,0,109,29.4151778299045
True,False,0,110,33.5808394271569
True,False,0,111,35.62163639101771
True,False,0,112,18.031017813643036
True,False,0,113,28.31094300403552
True,False,0,114,40.99561575637491
True,False,0,115,35.691883305071194
True,False,0,116,31.281073442540254
True,False,0,117,12.49417980129323
True,False,0,118,17.778466642744355
True,False,0,119,52.160410101691056
True,False,0,120,28.21698316445851
True,False,0,121,29.403767033825254
True,False,0,122,31.434062645855374
True,False,0,123,29.88558833463281
True,False,0,124,37.863171426664096
True,False,0,125,36.16750237830249
True,False,0,126,15.269130235748278
True,False,0,127,62.11600666475323
True,False,0,128,21.665980893837208
True,False,0,129,19.55108898856102
True,False,0,130,35.44658623709391
True,False,0,131,26.50764173577307
True,False,0,132,23.029779052598496
True,False,0,133,9.712962660770115
True,False,0,134,8.19848510284091
True,False,0,135,13.113130953578523
True,False,0,136,31.716330822462428
True,False,0,137,26.61758116257178
True,False,0,138,14.873175312184003
True,False,0,139,31.83073575725695
True,False,0,140,12.262795782831379
True,False,0,141,11.734684446532134
True,False,0,142,39.75698138537931
True,False,0,143,21.687700198168343
True,False,0,144,18.731387906717426
True,False,0,145,22.77922504149106
True,False,0,146,10.905814587814229
True,False,0,147,23.32324724341304
True,False,0,148,29.10665305609246
True,False,0,149,23.8166017463144
True,False,0,150,11.670557387606063
True,False,0,151,14.092923229596677
True,False,0,152,33.580302968826096
True,False,0,153,27.629599428829525
True,False,0,154,10.595052841247654
True,False,0,155,10.661557124969804
True,False,0,156,9.643235510509355
True,False,0,157,21.909889646659632
True,False,0,158,31.0228246791444
True,False,0,159,30.99080843859347
True,False,0,160,26.94430708164436
True,False,0,161,42.42178687855075
True,False,0,162,20.87204891182348
True,False,0,163,29.502510052278062
True,False,0,164,9.035078225303273
True,False,0,165,14.25822312476325
True,False,0,166,32.18313108884906
True,False,0,167,12.675156933759126
True,False,0,168,8.934371235664024
True,False,0,169,22.436801692015962
True,False,0,170,24.12088496616382
True,False,0,171,30.042547126150666
True,False,0,172,26.735571253573422
True,False,0,173,31.4715938256434
True,False,0,174,20.344980150070587
True,False,0,175,15.315044031414423
True,False,0,176,24.482507579490235
True,False,0,177,9.126465065958158
True,False,0,178,34.167953301886776
True,False,0,179,9.316276669227477
True,False,0,180,10.867386496479336
True,False,0,181,19.41759076605468
True,False,0,182,8.157248715704414
True,False,0,183,32.75553479219914
True,False,0,184,9.817831515058405
True,False,0,185,10.66255342757928
True,False,0,186,27.29953914130703
True,False,0,187,10.911726682902628
True,False,0,188,14.46633588547137
True,False,0,189,21.475090122867847
True,False,0,190,11.852769259743772
True,False,0,191,7.886217984449383
True,False,0,192,15.732037362509585
True,False,0,193,7.7508717759124846
True,False,0,194,8.901190790456907
True,False,0,195,5.953632481515612
True,False,0,196,9.122666998149608
True,False,0,197,42.58934075849756
True,False,0,198,32.6470703636216
True,False,0,199,10.93589102265118
True,False,0,200,7.062015957658038
True,False,0,201,12.628381724379478
True,False,0,202,11.752944494867478
True,False,0,203,9.826447035190192
True,False,0,204,16.576878337032046
True,False,0,205,28.72672392978857
True,False,0,206,14.498442913300567
True,False,0,207,24.733822960705332
True,False,0,208,31.106471002742435
True,False,0,209,20.56389007454382
True,False,0,210,26.78639245355902
True,False,0,211,16.038058675094838
True,False,0,212,34.818079347086
True,False,0,213,4.681203409098886
True,False,0,214,15.84844486790243
True,False,0,215,11.528389389146382
True,False,0,216,13.326180813571758
True,False,0,217,9.136584081531415
True,False,0,218,35.99834482487566
True,False,0,219,7.427149248876472
True,False,0,220,7.963216097127403
True,False,0,221,8.87449215866081
True,False,0,222,23.5122414843772
True,False,0,223,12.239479461147791
True,False,0,224,23.650846468384934
True,False,0,225,29.436563053945573
True,False,0,226,19.839458378231935
True,False,0,227,5.463497721263291
True,False,0,228,25.650817948996394
True,False,0,229,8.510109150443437
True,False,0,230,14.037171551653046
True,False,0,231,32.604782794401025
True,False,0,232,12.035885149922015
True,False,0,233,12.733218871629399
True,False,0,234,10.015906864699971
True,False,0,235,21.376820167162318
True,False,0,236,10.778000308137981
True,False,0,237,29.266704258050463
True,False,0,238,0.40098996531441855
True,False,0,239,7.777193854268703
True,False,0,240,8.408459730068522
True,False,0,241,12.133668529135477
True,False,0,242,13.901286215804499
True,False,0,243,5.000555385432539
True,False,0,244,6.863990582950944
True,False,0,245,9.425881244759362
True,False,0,246,10.289604432873032
True,False,0,247,10.310045777979553
True,False,0,248,0.7328508943806153
True,False,0,249,12.239401187273844
True,False,0,250,24.80798154481317
True,False,0,251,16.311337064247937
True,False,0,252,12.498879866989288
True,False,0,253,15.304808372073397
True,False,0,254,22.219850606669574
True,False,0,255,13.946710413360211
True,False,0,256,7.340999022549603
True,False,0,257,8.350340214823962
True,False,0,258,0.5123173391065439
True,False,0,259,6.33526132186939
True,False,0,260,6.904587049997309
True,False,0,261,8.9773771098613
True,False,0,262,7.6748821780373975
True,False,0,263,8.43560033944984
True,False,0,264,10.351923915138194
True,False,0,265,9.510225093056038
True,False,0,266,12.037305107380735
True,False,0,267,10.761559213940846
True,False,0,268,11.643516031094528
True,False,0,269,15.45711955834718
True,False,0,270,7.8090253278573805
True,False,0,271,9.591865014931855
True,False,0,272,10.0480910163978
True,False,0,273,7.746864220751385
True,False,0,274,8.597483022499645
True,False,0,275,8.603260704324263
True,False,0,276,10.796332429931184
True,False,0,277,7.760506557273349
True,False,0,278,8.125764046295373
True,False,0,279,11.35128437650432
True,False,0,280,1.0209906780098486
True,False,0,281,10.581620091422103
True,False,0,282,8.309631226892101
True,False,0,283,9.006363836276204
True,False,0,284,13.310470578474817
True,False,0,285,11.425799182890033
True,False,0,286,6.019783416862807
True,False,0,287,13.177630717764188
True,False,0,288,6.767071523420836
True,False,0,289,10.386323583229029
True,False,0,290,11.207016614768403
True,False,0,291,11.065611095668629
True,False,0,292,5.815566403767963
True,False,0,293,8.49575774700891
True,False,0,294,11.03264889501356
True,False,0,295,5.439668484846598
True,False,0,296,6.719839788507189
True,False,0,297,13.296278051727842
True,False,0,298,9.167489384913418
True,False,0,299,10.342671765445905
True,False,0,300,11.03271150140147
True,False,0,301,6.6520353402290215
True,False,0,302,10.715098943126176
True,False,0,303,10.434358693026294
True,False,0,304,10.382203503424966
True,False,0,305,0.9556989895428487
True,False,0,306,3.7402864308378345
True,False,0,307,10.365549269582303
True,False,0,308,7.918472857183474
True,False,0,309,11.04550327156683
True,False,0,310,7.626870610147337
True,False,0,311,0.9967884562113712
True,False,0,312,3.8420910395240435
True,False,0,313,9.963371012490926
True,False,0,314,0.8716249296112792
True,False,0,315,7.54053943390354
True,False,0,316,16.413193515220705
True,False,0,317,5.88215563894909
True,False,0,318,7.735344286449113
True,False,0,319,4.907409946372955
True,False,0,320,7.129928640206295
True,False,0,321,7.742491819499818
True,False,0,322,4.660843369482827
True,False,0,323,6.236759633522171
True,False,0,324,5.336219462594497
True,False,0,325,7.721125939012415
True,False,0,326,3.6075948181960644
True,False,0,327,4.6936537663446405
True,False,0,328,5.2976555406871375
True,False,0,329,5.016392301808715
True,False,0,330,6.978899585786765
True,False,0,331,3.9724703867309947
True,False,0,332,5.99215336556888
True,False,0,333,5.227821704824718
True,False,0,334,5.936475196399649
True,False,0,335,4.882306335342815
True,False,0,336,2.692111361749882
True,False,0,337,4.61700077254239
True,False,0,338,6.701822461105212
True,False,0,339,5.054854829062253
True,False,0,340,6.27881259265834
True,False,0,341,6.289838722968424
True,False,0,342,7.1679848018535886
True,False,0,343,3.54692670281335
True,False,0,344,11.282040353791139
True,False,0,345,6.880274665854515
True,False,0,346,7.49660098323481
True,False,0,347,5.057200312515829
True,False,0,348,5.737683325604339
True,False,0,349,2.94112613405889
True,False,0,350,1.9351313787395545
True,False,0,351,8.335668711245972
True,False,0,352,3.3554183486638047
True,False,0,353,7.397848664630534
True,False,0,354,4.2032834357358215
True,False,0,355,7.998111836710617
True,False,0,356,6.145577494508552
True,False,0,357,3.7839428720043227
True,False,0,358,6.189399504579396
True,False,0,359,7.87293649890841
True,False,0,360,2.3199161897647125
True,False,0,361,2.9277948988429823
True,False,0,362,7.239416162006798
True,False,0,363,4.560408643101371
True,False,0,364,4.993110532789418
True,False,0,365,5.165434313303873
True,False,0,366,6.702074762454949
True,False,0,367,3.3550282255908135
True,False,0,368,3.1838595978085618
True,False,0,369,3.2238124954731555
True,False,0,370,1.545319124372062
True,False,0,371,0.7493421469649953
True,False,0,372,4.2918047629283755
True,False,0,373,2.404791313749029
True,False,0,374,3.41591932180611
True,False,0,375,4.396933381639963
True,False,0,376,4.16099497011496
True,False,0,377,4.399556430089719
True,False,0,378,6.055385069919637
True,False,0,379,1.639170083691456
True,False,0,380,6.351166892916741
True,False,0,381,2.5698196543212495
True,False,0,382,2.7295282370520306
True,False,0,383,4.522389383860243
True,False,0,384,4.622220425814492
True,False,0,385,3.6618128042075884
True,False,0,386,2.7465827365013884
True,False,0,387,2.6808084210271703
True,False,0,388,1.8201672799722888
True,False,0,389,3.703990682314001
True,False,0,390,0.9052869546929831
True,False,0,391,3.72331552212666
True,False,0,392,1.8749489100890608
True,False,0,393,1.913014104114056
True,False,0,394,1.912635383181851
True,False,0,395,0.9514656876067488
True,False,0,396,0.9609803444828162
True,False,0,397,0.9705901479276444
True,False,0,398,0.9802960494069208
True,False,0,399,0.9900990099009901
True,True,0,0,44.12983091508537
True,True,0,1,56.68086986197949
True,True,0,2,72.77073608902194
True,True,0,3,50.80702746427784
True,True,0,4,60.9484550672204
True,True,0,5,59.012313253849825
True,True,0,6,93.39347596886262
True,True,0,7,47.031829179777425
True,True,0,8,67.39420599757626
True,True,0,9,44.94617381879259
True,True,0,10,60.723323459382314
True,True,0,11,63.99240992956382
True,True,0,12,62.37194482205654
True,True,0,13,46.316917733414414
True,True,0,14,63.88566270109019
True,True,0,15,59.35766941128385
True,True,0,16,68.96195316910352
True,True,0,17,36.44953009698251
True,True,0,18,40.92949791729482
True,True,0,19,55.61052542026656
True,True,0,20,63.40115148307478
True,True,0,21,65.19344911739097
True,True,0,22,70.05853243786926
True,True,0,23,70.58707739841259
True,True,0,24,78.27570997361704
True,True,0,25,50.06662641979223
True,True,0,26,68.81790695573802
True,True,0,27,57.54954551575735
True,True,0,28,51.74735168331029
True,True,0,29,57.23027866455561
True,True,0,30,58.06658821160533
True,True,0,31,72.98889223911137
True,True,0,32,45.53823502446845
True,True,0,33,58.306241228099104
True,True,0,34,58.991198156311036
True,True,0,35,88.13723918772959
True,True,0,36,34.98149215052873
True,True,0,37,63.340590294131715
True,True,0,38,61.82166082043373
True,True,0,39,45.47601347357845
True,True,0,40,57.87796453406041
True,True,0,41,56.95882403881517
True,True,0,42,56.12226750265442
True,True,0,43,84.85107193664489
True,True,0,44,53.95664064251218
True,True,0,45,53.91383788873293
True,True,0,46,62.70678053797694
True,True,0,47,28.839813427847638
True,True,0,48,61.1439812152594
True,True,0,49,46.27598966668989
True,True,0,50,64.54909778141452
True,True,0,51,65.11747490602323
True,True,0,52,59.68427607042966
True,True,0,53,45.053458519403144
True,True,0,54,65.48270741113011
True,True,0,55,64.54580000024596
True,True,0,56,59.63971694343148
True,True,0,57,60.102412461490715
True,True,0,58,53.44787158002942
True,True,0,59,82.77409960962879
True,True,0,60,60.42581754734673
True,True,0,61,83.4244350620035
True,True,0,62,30.14993848277182
True,True,0,63,67.36750125832866
True,True,0,64,62.62493191235203
True,True,0,65,50.994319829024555
True,True,0,66,65.06117547652802
True,True,0,67,62.262631538307424
True,True,0,68,53.69468638766464
True,True,0,69,64.58700769611322
True,True,0,70,64.90790191394798
True,True,0,71,65.57971265973244
True,True,0,72,56.37138583097705
True,True,0,73,33.21589346675921
True,True,0,74,55.91098805233731
True,True,0,75,62.52883389320574
True,True,0,76,50.53041211000592
True,True,0,77,69.39585780859599
True,True,0,78,66.43382325040007
True,True,0,79,54.61695515327345
True,True,0,80,56.49240711520256
True,True,0,81,57.750897653124305
True,True,0,82,35.33610171207661
True,True,0,83,47.63410388489048
True,True,0,84,36.14115388572695
True,True,0,85,36.60329323680009
True,True,0,86,63.95790462974436
True,True,0,87,55.953673232951154
True,True,0,88,61.8904525689516
True,True,0,89,61.00507106567692
True,True,0,90,38.22539359103635
True,True,0,91,52.784028555590346
True,True,0,92,33.91171093625901
True,True,0,93,43.29497053053708
True,True,0,94,69.52714887857778
True,True,0,95,55.35905834313681
True,True,0,96,69.16858513898555
True,True,0,97,77.76374713590879
True,True,0,98,67.56671164594003
True,True,0,99,36.231853027764565
True,True,0,100,30.810901561258344
True,True,0,101,40.971602621171854
True,True,0,102,52.089211707918096
True,True,0,103,37.28442724745743
True,True,0,104,61.92490887488744
True,True,0,105,30.81516662998471
True,True,0,106,35.915121267408296
True,True,0,107,34.90822924805923
True,True,0,108,55.696674227271046
True,True,0,109,70.83604016137254
True,True,0,110,59.845196185948275
True,True,0,111,54.840009638268256
True,True,0,112,66.61140849059584
True,True,0,113,53.795576986591996
True,True,0,114,43.592767754804115
True,True,0,115,59.50885915889099
True,True,0,116,28.490640945687982
True,True,0,117,55.88853682032417
True,True,0,118,58.48196292176861
True,True,0,119,56.93342130808902
True,True,0,120,35.66053082072326
True,True,0,121,49.63522414170559
True,True,0,122,67.40522252293917
True,True,0,123,55.467746032756146
True,True,0,124,36.62028122699478
True,True,0,125,60.61540748452229
True,True,0,126,60.361354504657335
True,True,0,127,49.76004415100161
True,True,0,128,48.841851565065085
True,True,0,129,47.79808282410175
True,True,0,130,68.23466966184844
True,True,0,131,52.58495725518422
True,True,0,132,60.75421701691487
True,True,0,133,53.965562615951775
True,True,0,134,31.86525140604411
True,True,0,135,48.45257086747982
True,True,0,136,35.96563144247226
True,True,0,137,61.6831401493028
True,True,0,138,55.37746039792148
True,True,0,139,58.62539513335618
True,True,0,140,55.472834066733455
True,True,0,141,47.73117534120454
True,True,0,142,32.27411646951879
True,True,0,143,28.637851271284468
True,True,0,144,54.953624443956976
True,True,0,145,40.15391786966759
True,True,0,146,62.19017378121449
True,True,0,147,41.214080022373054
True,True,0,148,64.20683583450385
True,True,0,149,26.855486666063577
True,True,0,150,27.175112645799796
True,True,0,151,31.810047507338982
True,True,0,152,27.50641930813882
True,True,0,153,40.51908500655071
True,True,0,154,48.647168066974814
True,True,0,155,59.25231077791514
True,True,0,156,59.21407932343119
True,True,0,157,45.047602363821866
True,True,0,158,58.509086287670705
True,True,0,159,64.22496637013654
True,True,0,160,31.178346301795475
True,True,0,161,57.59018028771425
True,True,0,162,25.93341775900626
True,True,0,163,21.920134259231357
True,True,0,164,53.61572941507461
True,True,0,165,33.172974978787806
True,True,0,166,54.03937830274045
True,True,0,167,47.390069807006
True,True,0,168,45.12384515520591
True,True,0,169,34.76361413290128
True,True,0,170,42.404579274432756
True,True,0,171,40.96137988924613
True,True,0,172,50.68652218887313
True,True,0,173,55.639444147596535
True,True,0,174,41.253752027411394
True,True,0,175,26.262359120878703
True,True,0,176,33.1101111701898
True,True,0,177,33.087879323925506
True,True,0,178,47.60993794245079
True,True,0,179,45.02101298735428
True,True,0,180,49.87689516399954
True,True,0,181,33.32290615309946
True,True,0,182,65.65709185484424
True,True,0,183,55.10414678359559
True,True,0,184,42.64610185004631
True,True,0,185,50.844394042276036
True,True,0,186,55.07395501337894
True,True,0,187,54.246844545142096
True,True,0,188,41.86843905522114
True,True,0,189,43.14218959998058
True,True,0,190,34.03452042003047
True,True,0,191,56.606278622914225
True,True,0,192,38.8080395100659
True,True,0,193,49.24381696808188
True,True,0,194,33.45933340564989
True,True,0,195,26.058109049226914
True,True,0,196,46.665318052676696
True,True,0,197,52.89271650983434
True,True,0,198,48.54376197183958
True,True,0,199,31.66453006006132
True,True,0,200,32.216382985111004
True,True,0,201,55.424925688048404
True,True,0,202,61.59892299032055
True,True,0,203,29.16166860719437
True,True,0,204,35.569996500537705
True,True,0,205,32.68807688582898
True,True,0,206,34.73029554052788
True,True,0,207,29.757174181540435
True,True,0,208,51.82234944672608
True,True,0,209,40.8820022164734
True,True,0,210,29.72630713007113
True,True,0,211,56.80306317044777
True,True,0,212,41.91195434401993
True,True,0,213,42.997357199706116
True,True,0,214,36.008593224824715
True,True,0,215,37.160610904658206
True,True,0,216,38.367636935294996
True,True,0,217,48.70541412185638
True,True,0,218,37.172128581586364
True,True,0,219,30.05041704679696
True,True,0,220,38.76787470233632
True,True,0,221,51.31385740197507
True,True,0,222,39.439154835003166
True,True,0,223,22.563926424211814
True,True,0,224,17.17115193966834
True,True,0,225,28.606727485909996
True,True,0,226,39.95451737060493
True,True,0,227,35.49243944674176
True,True,0,228,34.34174921874055
True,True,0,229,22.483000742909123
True,True,0,230,23.86536670788777
True,True,0,231,45.802061035570894
True,True,0,232,34.14783913106849
True,True,0,233,42.84136606703303
True,True,0,234,30.869498807924426
True,True,0,235,22.46858602774063
True,True,0,236,28.179167192280957
True,True,0,237,38.47986428761309
True,True,0,238,33.67297842675412
True,True,0,239,29.25768843198693
True,True,0,240,30.73573779820665
True,True,0,241,20.8332570472973
True,True,0,242,20.37619645053126
True,True,0,243,52.51228337203425
True,True,0,244,32.451967685543856
True,True,0,245,30.940882353405005
True,True,0,246,38.79273685640655
True,True,0,247,34.343279808454675
True,True,0,248,38.400320251773266
True,True,0,249,38.36008998354188
True,True,0,250,34.90716896012564
True,True,0,251,30.847317976941962
True,True,0,252,26.35615687053331
True,True,0,253,38.82092546810572
True,True,0,254,33.00359628763708
True,True,0,255,24.196791449355576
True,True,0,256,25.08315772448746
True,True,0,257,35.632514687946305
True,True,0,258,20.31946636744114
True,True,0,259,28.206410378087117
True,True,0,260,41.8895520643798
True,True,0,261,34.9889882298569
True,True,0,262,29.209197852500957
True,True,0,263,36.30278032048999
True,True,0,264,29.206905130109295
True,True,0,265,24.33034550747733
True,True,0,266,20.52638228657516
True,True,0,267,29.82636945152328
True,True,0,268,28.870585757832657
True,True,0,269,27.146281346709856
True,True,0,270,29.07891155771258
True,True,0,271,37.39019727505956
True,True,0,272,16.862297835187473
True,True,0,273,40.71343012284001
True,True,0,274,23.906721823680606
True,True,0,275,27.926876760888643
True,True,0,276,26.55527304576418
True,True,0,277,28.90383705596823
True,True,0,278,22.571310232919423
True,True,0,279,23.346022153450594
True,True,0,280,21.661159355958986
True,True,0,281,24.255273543747165
True,True,0,282,24.79863812398148
True,True,0,283,23.890708470495824
True,True,0,284,22.214319244874254
True,True,0,285,25.17947402666837
True,True,0,286,33.53962718036676
True,True,0,287,31.124996220247926
True,True,0,288,23.384371654539912
True,True,0,289,19.808108498599335
True,True,0,290,21.910102347719207
True,True,0,291,35.83454789778228
True,True,0,292,28.40324526693853
True,True,0,293,27.483662177809236
True,True,0,294,23.283077331531207
True,True,0,295,22.16237883297182
True,True,0,296,30.770329315637245
True,True,0,297,25.148671785336077
True,True,0,298,22.953989429529134
True,True,0,299,21.358995491283117
True,True,0,300,33.49444652056824
True,True,0,301,21.4797087236741
True,True,0,302,19.070581445327363
True,True,0,303,19.41075420053277
True,True,0,304,25.134040183346038
True,True,0,305,17.25890216144386
True,True,0,306,24.827351139932706
True,True,0,307,15.541656181378062
True,True,0,308,24.09203115368938
True,True,0,309,18.567263209373515
True,True,0,310,24.829137086952116
True,True,0,311,34.02398133764939
True,True,0,312,25.227034963600758
True,True,0,313,18.217501223939202
True,True,0,314,20.35748801444691
True,True,0,315,16.876291138071046
True,True,0,316,26.685753385440723
True,True,0,317,19.791935503760307
True,True,0,318,20.679681146369013
True,True,0,319,21.20468061216426
True,True,0,320,25.624341052922876
True,True,0,321,15.662716136202457
True,True,0,322,12.762300850992432
True,True,0,323,19.516853708588624
True,True,0,324,26.588895262361646
True,True,0,325,24.703604002173382
True,True,0,326,20.646620214692284
True,True,0,327,17.459949851626632
True,True,0,328,19.071453943154456
True,True,0,329,16.293834948429478
True,True,0,330,17.131703326246853
True,True,0,331,18.72674375072566
True,True,0,332,21.404372538261985
True,True,0,333,26.807223433907588
True,True,0,334,18.961061436267897
True,True,0,335,20.92761405275109
True,True,0,336,23.508831469329714
True,True,0,337,22.906732910126955
True,True,0,338,12.6853823871969
True,True,0,339,14.199968174701226
True,True,0,340,13.102249555239478
True,True,0,341,17.507604417107657
True,True,0,342,18.301738224407526
True,True,0,343,16.4168117694948
True,True,0,344,13.714542280515504
True,True,0,345,15.088990779926728
True,True,0,346,17.54803877520087
True,True,0,347,13.728664423374981
True,True,0,348,20.625006920034284
True,True,0,349,27.922467828795284
True,True,0,350,13.767747245765719
True,True,0,351,13.533938408085042
True,True,0,352,16.19837062514291
True,True,0,353,13.357848395432267
True,True,0,354,6.97411329025847
True,True,0,355,13.740494513690926
True,True,0,356,8.859173748929473
True,True,0,357,9.356336540771336
True,True,0,358,13.643772620050921
True,True,0,359,11.748660890425063
True,True,0,360,8.372792882720283
True,True,0,361,10.773073408433982
True,True,0,362,14.545905874300313
True,True,0,363,10.295697806876682
True,True,0,364,8.237847005965095
True,True,0,365,9.607016320651265
True,True,0,366,5.994641933862617
True,True,0,367,16.66949760543309
True,True,0,368,9.133515114374529
True,True,0,369,10.870936243906277
True,True,0,370,9.529231317645802
True,True,0,371,4.303295333198728
True,True,0,372,10.871111432244918
True,True,0,373,8.609597378548127
True,True,0,374,8.726796932805238
True,True,0,375,8.813021809242553
True,True,0,376,5.3392880437723695
True,True,0,377,6.137071306809355
True,True,0,378,5.458759304700218
True,True,0,379,7.152362393395894
True,True,0,380,9.049068849907169
True,True,0,381,6.248189515131383
True,True,0,382,1.73234103170888
True,True,0,383,1.7496644420259688
True,True,0,384,4.493233899229915
True,True,0,385,8.270367035997957
True,True,0,386,5.589609598200238
True,True,0,387,3.624239063990308
True,True,0,388,0.8874492252651535
True,True,0,389,0.896323717517805
True,True,0,390,0.9052869546929831
True,True,0,391,1.8753201687227292
True,True,0,392,1.9135822323833023
True,True,0,393,3.7971045746224696
True,True,0,394,1.9321442451551967
True,True,0,395,1.922055835534393
True,True,0,396,0.9609803444828162
True,True,0,397,0.9705901479276444
True,True,0,398,1.970395059307911
True,True,0,399,0.9900990099009901
